,accuracy,f1 score
xgb,0.9999526126239969,0.9997779751332149
lgb,0.9999447147279965,0.9997410093236643
logit,0.921968787515006,0.5737704918032788
