,accuracy,f1 score
xgb,0.999968408415998,0.999886948165734
lgb,0.9999605105199975,0.999858673224229
logit,0.8842168446325899,0.43979517750009545
