,accuracy,f1 score
xgb,0.9999802552599988,0.9999260847069259
lgb,0.9999486636759967,0.9998078202380072
logit,0.9586979528653566,0.8384835147865031
