,accuracy,f1 score
xgb,0.9999763063119985,0.999926761388604
lgb,0.9999565615719972,0.9998657341291638
logit,0.9050238516459215,0.6699691252144081
