,accuracy,f1 score
xgb,0.9943023291995257,0.9842063902784964
lgb,0.9937802731977832,0.9828681351122285
logit,0.8350856206416103,0.27703173785201124
