,accuracy,f1 score
xgb,0.9987415338765943,0.993594932254091
lgb,0.9970785607849509,0.985063018154178
logit,0.9195134852942701,0.3652524811866071
