,accuracy,f1 score
xgb,0.999419169481505,0.9974527701125027
lgb,0.9989420586984556,0.9953623715558789
logit,0.8901469708651263,0.12952714919730426
