,accuracy,f1 score
xgb,0.9993776815873269,0.9976390965609506
lgb,0.9992635898783367,0.9972131726655415
logit,0.8687461321181991,0.21678494801122297
