WATT,R_AbsMax,S_AbsMax,T_AbsMax,R_AbsMean,S_AbsMean,T_AbsMean,R_P2P,S_P2P,T_P2P,R_RMS,S_RMS,T_RMS,R_Skewness,S_Skewness,T_Skewness,R_Kurtosis,S_Kurtosis,T_Kurtosis,R_Crest,S_Crest,T_Crest,R_Shape,S_Shape,T_Shape,R_Impulse,S_Impulse,T_Impulse,RS_phase,ST_phase,TR_phase,RS_Level,ST_Level,TR_Level,R_1x,S_1x,T_1x,R_2x,S_2x,T_2x,R_3x,S_3x,T_3x,R_4x,S_4x,T_4x
2.2,3.6435546875,3.8837890625,4.1240234375,2.152259765625,2.15458203125,2.29073486328125,7.126953125,7.52734375,7.6875,2.393054746451905,2.4052784890150085,2.5594337696039777,0.0034214983079556595,0.0020109456421578235,-0.0020923538833917464,1.4913807288286136,1.539046586704982,1.517514016981323,2.9781822315460493,3.1295102768255916,3.0035940336871816,1.111880073526803,1.1163550304091068,1.1172981258677153,1.6928972727610967,1.8025719170445254,1.8003058772121476,-3.141592653589034,3.14159265358957,-3.1415926535889227,-0.18141699218750018,2.7549628906250003,-2.5735458984374997,0.00244849348570398,0.004322885708039093,0.0037795929837952523,3.5364511140196537,3.5530664555013933,3.7631364598539765,0.021704594894486708,0.023956743753510607,0.020910701934384705,0.05752801966802584,0.05719453507204364,0.05751718082715305
